<beans xmlns="http://www.springframework.org/schema/beans"
	xmlns:context="http://www.springframework.org/schema/context"
	xmlns:xsi="http://www.w3.org/2001/XMLSchema-instance" xmlns:mvc="http://www.springframework.org/schema/mvc"
	xmlns:p="http://www.springframework.org/schema/p"
	xmlns:task="http://www.springframework.org/schema/task"  
	xsi:schemaLocation="
        http://www.springframework.org/schema/beans     
        http://www.springframework.org/schema/beans/spring-beans-3.0.xsd
        http://www.springframework.org/schema/context 
        http://www.springframework.org/schema/context/spring-context-3.0.xsd
        http://www.springframework.org/schema/mvc 
        http://www.springframework.org/schema/mvc/spring-mvc-3.0.xsd
        http://www.springframework.org/schema/task 
        http://www.springframework.org/schema/task/spring-task-3.0.xsd">

	<bean
		class="org.springframework.web.servlet.view.InternalResourceViewResolver">
		<property name="prefix">
			<value>/WEB-INF/pages/</value>
		</property>
		<property name="suffix">
			<value>.jsp</value>
		</property>
	</bean>

	<!-- 使用默认Servlet处理静态文件 -->
	<mvc:default-servlet-handler />

	<bean id="multipartResolver"  
        class="org.springframework.web.multipart.commons.CommonsMultipartResolver">  
        <property name="defaultEncoding" value="utf-8" />  
        <property name="maxUploadSize" value="10485760000" />  
        <property name="maxInMemorySize" value="40960" />  
    </bean>  
	 <!-- Enables the Spring Task @Scheduled programming model -->  
    <!-- <task:executor id="executor" pool-size="5" />  
    <task:scheduler id="scheduler" pool-size="10" />  
    <task:annotation-driven executor="executor" scheduler="scheduler" />   -->
</beans>