<?xml version="1.0" encoding="UTF-8" ?>  
<!DOCTYPE configuration PUBLIC "-//mybatis.org//DTD Config 3.0//EN" "http://mybatis.org/dtd/mybatis-3-config.dtd">
<configuration>
	<typeAliases>
	    
	    <!-- <typeAlias alias="User" type="com.bayerp.model.User" />
		<typeAlias alias="CouponArea" type="com.uce360.advertiseweb.model.CouponArea" /> -->
		<typeAlias alias="User" type="com.uce360.lzsz.psychology.resourcelib.model.User" />
		<typeAlias alias="OnlineReadingChannel" type="com.uce360.lzsz.psychology.resourcelib.model.OnlineReadingChannel" />
		<typeAlias alias="Resource" type="com.uce360.lzsz.psychology.resourcelib.model.Resource" />
		<typeAlias alias="ResourceCategory" type="com.uce360.lzsz.psychology.resourcelib.model.ResourceCategory" />
		<typeAlias alias="ResourceResourceCategory" type="com.uce360.lzsz.psychology.resourcelib.model.ResourceResourceCategory" />
		<typeAlias alias="Course" type="com.uce360.lzsz.psychology.resourcelib.model.Course" />
		<typeAlias alias="Catalog" type="com.uce360.lzsz.psychology.resourcelib.model.Catalog" />
		<typeAlias alias="ResourceCatalog" type="com.uce360.lzsz.psychology.resourcelib.model.ResourceCatalog" />
	
		<typeAlias alias="Question" type="com.uce360.lzsz.psychology.resourcelib.model.Question" />
		<typeAlias alias="ElectiveCourseStudent" type="com.uce360.lzsz.psychology.resourcelib.model.ElectiveCourseStudent" />
		<typeAlias alias="ElectiveCourse" type="com.uce360.lzsz.psychology.resourcelib.model.ElectiveCourse" />
		<typeAlias alias="Download" type="com.uce360.lzsz.psychology.resourcelib.model.Download" />
		<typeAlias alias="AssignmentAnswer" type="com.uce360.lzsz.psychology.resourcelib.model.AssignmentAnswer" />
		<typeAlias alias="Assignment" type="com.uce360.lzsz.psychology.resourcelib.model.Assignment" />
		<typeAlias alias="Answer" type="com.uce360.lzsz.psychology.resourcelib.model.Answer" />
		
	</typeAliases>
	<mappers>


	    <!-- 
		<mapper resource="com/uce360/advertiseweb/persistence/CouponAreaMapper.xml" /> -->
		
		<mapper resource="com/uce360/lzsz/psychology/resourcelib/mapper/xml/IUserMapper.xml" />
		<mapper resource="com/uce360/lzsz/psychology/resourcelib/mapper/xml/IOnlineReadingChannelMapper.xml" />
		<mapper resource="com/uce360/lzsz/psychology/resourcelib/mapper/xml/IResourceMapper.xml" />
		<mapper resource="com/uce360/lzsz/psychology/resourcelib/mapper/xml/IResourceCategoryMapper.xml" />
		<mapper resource="com/uce360/lzsz/psychology/resourcelib/mapper/xml/IResourceResourceCategoryMapper.xml" />
		<mapper resource="com/uce360/lzsz/psychology/resourcelib/mapper/xml/ICourseMapper.xml" />
		<mapper resource="com/uce360/lzsz/psychology/resourcelib/mapper/xml/ICatalogMapper.xml" />
		<mapper resource="com/uce360/lzsz/psychology/resourcelib/mapper/xml/IResourceCatalogMapper.xml" />
	
		<mapper resource="com/uce360/lzsz/psychology/resourcelib/mapper/xml/IQuestionMapper.xml" />
		<mapper resource="com/uce360/lzsz/psychology/resourcelib/mapper/xml/IElectiveCourseStudentMapper.xml" />
		<mapper resource="com/uce360/lzsz/psychology/resourcelib/mapper/xml/IElectiveCourseMapper.xml" />
		<mapper resource="com/uce360/lzsz/psychology/resourcelib/mapper/xml/IDownloadMapper.xml" />
		<mapper resource="com/uce360/lzsz/psychology/resourcelib/mapper/xml/IAssignmentAnswerMapper.xml" />
		<mapper resource="com/uce360/lzsz/psychology/resourcelib/mapper/xml/IAssignmentMapper.xml" />
		<mapper resource="com/uce360/lzsz/psychology/resourcelib/mapper/xml/IAnswerMapper.xml" />
		
	</mappers>
</configuration>   