<?xml version="1.0" encoding="UTF-8" ?>  
<!DOCTYPE mapper PUBLIC "-//mybatis.org//DTD Mapper 3.0//EN"   
"http://mybatis.org/dtd/mybatis-3-mapper.dtd">  
<mapper namespace="com.uce360.lzsz.psychology.resourcelib.mapper.IAnswerMapper">

	<resultMap type="Answer" id="AnswerResultMap">
		<id property="id" column="ID" />
		<result property="content" column="CONTENT" />
		<result property="answerUserID" column="ANSWER_USER_ID" />
		<result property="questionID" column="QUESTION_ID" />
		<result property="createTime" column="CREATE_TIME" />
		<result property="isDelete" column="IS_DELETE" />
	</resultMap>
	
	<select id="listByQID" resultMap="AnswerResultMap">
	    SELECT * 
	    FROM TBL_ANSWER
	    WHERE IS_DELETE=0
	    	  AND QUESTION_ID=#{qid}
	    ORDER BY CREATE_TIME DESC
	    LIMIT #{pager.start},#{pager.pageSize}
	</select>
	
	<select id="listCountByQID" resultType="int">
	    SELECT COUNT(*) 
	    FROM TBL_ANSWER
	    WHERE IS_DELETE=0
	    	  AND QUESTION_ID=#{qid}
	</select>
	
	<insert id="save" 
	    useGeneratedKeys="true"
	    keyProperty="answer.id">
	    INSERT INTO TBL_ANSWER
	    (
	    	ID,
	    	CONTENT,
	    	ANSWER_USER_ID,
	    	QUESTION_ID,
	    	CREATE_TIME,
	    	IS_DELETE
	    )
	    VALUES(
	    	null,
	    	#{answer.content},
	    	#{answer.answerUserID},
	    	#{answer.questionID},
	    	#{answer.createTime},
	    	#{answer.isDelete}
	    )
	</insert>
</mapper>