<?xml version="1.0" encoding="UTF-8" ?>  
<!DOCTYPE mapper PUBLIC "-//mybatis.org//DTD Mapper 3.0//EN"   
"http://mybatis.org/dtd/mybatis-3-mapper.dtd">  
<mapper namespace="com.uce360.lzsz.psychology.resourcelib.mapper.IAssignmentAnswerMapper">

	<resultMap type="AssignmentAnswer" id="AssignmentAnswerResultMap">
		<id property="id" column="ID" />
		<result property="content" column="CONTENT" />
		<result property="answerUserID" column="ANSWER_USER_ID" />
		<result property="assignmentID" column="ASSIGNMENT_ID" />
		<result property="score" column="SCORE" />
		<result property="teacherComment" column="TEACHER_COMMENT" />
		<result property="evaluateUserID" column="EVALUATE_USER_ID" />
		<result property="createTime" column="CREATE_TIME" />
		<result property="isDelete" column="IS_DELETE" />
	</resultMap>
	
	<select id="getByUIDAndAssignmentID" resultMap="AssignmentAnswerResultMap">
	    SELECT * 
	    FROM TBL_ASSIGNMENT_ANSWER 
	    WHERE IS_DELETE=0
	    	  AND ANSWER_USER_ID=#{uid}
	    	  AND ASSIGNMENT_ID=#{assignmentID}
	</select>
	
	<select id="listAnswerByAssngnmentID" resultMap="AssignmentAnswerResultMap">
	    SELECT * 
	    FROM TBL_ASSIGNMENT_ANSWER 
	    WHERE IS_DELETE=0
	    	  AND ASSIGNMENT_ID = #{assignmentID}
	    ORDER BY CREATE_TIME DESC
	    LIMIT #{pager.start},#{pager.pageSize}
	</select>
	<select id="listAnswerCountByAssngnmentID" resultType="int">
	    SELECT COUNT(*) 
	    FROM TBL_ASSIGNMENT_ANSWER 
	    WHERE IS_DELETE=0
	    	  AND ASSIGNMENT_ID = #{assignmentID}
	</select>
	
	<insert id="save" useGeneratedKeys="true" keyProperty="answer.id">
	    INSERT INTO 
	    TBL_ASSIGNMENT_ANSWER 
	    (
	    	ID,
	    	CONTENT,
	    	ANSWER_USER_ID,
	    	ASSIGNMENT_ID,
	    	SCORE,
	    	TEACHER_COMMENT,
	    	EVALUATE_USER_ID,
	    	CREATE_TIME,
	    	IS_DELETE
	    )
	    VALUES(
	    	null,
	    	#{answer.content },
	    	#{answer.answerUserID },
	    	#{answer.assignmentID },
	    	#{answer.score },
	    	#{answer.teacherComment },
	    	#{answer.evaluateUserID },
	    	#{answer.createTime },
	    	#{answer.isDelete }
	    );
	</insert>
	
	<select id="getByID" resultMap="AssignmentAnswerResultMap">
	    SELECT * 
	    FROM TBL_ASSIGNMENT_ANSWER
	    WHERE IS_DELETE=0
	    	  AND ID=#{id}
	</select>
	
	<update id="update">
	    UPDATE TBL_ASSIGNMENT_ANSWER 
	    SET
	    	CONTENT = #{ assignmentAnswer.content } ,
	    	ANSWER_USER_ID = #{ assignmentAnswer.answerUserID } ,
	    	ASSIGNMENT_ID = #{ assignmentAnswer.assignmentID } ,
	    	SCORE = #{ assignmentAnswer.score } ,
	    	TEACHER_COMMENT = #{ assignmentAnswer.teacherComment } ,
	    	EVALUATE_USER_ID = #{ assignmentAnswer.evaluateUserID } ,
	    	CREATE_TIME = #{ assignmentAnswer.createTime } ,
	    	IS_DELETE = #{ assignmentAnswer.isDelete } 
	    WHERE ID = #{assignmentAnswer.id}
	</update>
</mapper>