<?xml version="1.0" encoding="UTF-8" ?>  
<!DOCTYPE mapper PUBLIC "-//mybatis.org//DTD Mapper 3.0//EN"   
"http://mybatis.org/dtd/mybatis-3-mapper.dtd">  
<mapper namespace="com.uce360.lzsz.psychology.resourcelib.mapper.IAssignmentMapper">

	<resultMap type="Assignment" id="AssignmentResultMap">
		<id property="id" column="ID" />
		<result property="title" column="TITLE" />
		<result property="content" column="CONTENT" />
		<result property="creatorID" column="CREATOR_ID" />
		<result property="electiveCourseID" column="ELECTIVE_COURSE_ID" />
		<result property="createTime" column="CREATE_TIME" />
		<result property="isDelete" column="IS_DELETE" />
	</resultMap>
	
	<select id="listAssignmentByCourseID" resultMap="AssignmentResultMap">
	    SELECT * 
	    FROM TBL_ASSIGNMENT 
	    WHERE IS_DELETE=0
	    	<if test="cid != null">
	    	  AND ELECTIVE_COURSE_ID = #{cid}
	    	</if>
	    	<if test="uid != null">
	    	    AND CREATOR_ID = #{uid}
	    	</if>
	    ORDER BY CREATE_TIME DESC
	    LIMIT #{pager.start},#{pager.pageSize}
	</select>
	
	<select id="getAssignmentCountByCourseID" resultType="int">
	    SELECT COUNT(*)
	    FROM TBL_ASSIGNMENT
	    WHERE IS_DELETE = 0 
	    	<if test="cid != null">
	    	  AND ELECTIVE_COURSE_ID = #{cid}
	    	</if>
	    	<if test="uid != null">
	    	    AND CREATOR_ID = #{uid}
	    	</if>
	</select>
	
	<select id="getByID" resultMap="AssignmentResultMap">
	    SELECT * 
	    FROM TBL_ASSIGNMENT 
	    WHERE IS_DELETE=0
	    	  AND ID=#{id}
	</select>
	
	<insert id="save"
	    useGeneratedKeys="true"
	    keyProperty="assignment.id">
	    INSERT INTO 
	    TBL_ASSIGNMENT 
	    (
	    	ID,
	    	TITLE,
	    	CONTENT,
	    	CREATOR_ID,
	    	ELECTIVE_COURSE_ID,
	    	CREATE_TIME,
	    	IS_DELETE
	    )
	    VALUES(
	    	null,
	    	#{assignment.title},
	    	#{assignment.content},
	    	#{assignment.creatorID},
	    	#{assignment.electiveCourseID},
	    	#{assignment.createTime},
	    	#{assignment.isDelete}
	    )
	</insert>
	
	<update id="delByID">
	    UPDATE TBL_ASSIGNMENT 
	    SET IS_DELETE=1
	    WHERE ID=#{id}
	</update>
	
	<select id="listStudentsCourseAssignment" resultMap="AssignmentResultMap">
	    SELECT DISTINCT _assg.* 
		FROM TBL_ELECTIVE_COURSE_STUDENT as _ecstu
		LEFT JOIN TBL_ELECTIVE_COURSE as _ec ON _ec.ID = _ecstu.ELECTIVE_COURSE_ID 
		LEFT JOIN TBL_ASSIGNMENT as _assg on _ec.ID = _assg.ELECTIVE_COURSE_ID
		WHERE _ecstu.IS_DELETE = 0 
			  AND _ec.IS_DELETE = 0 
			  AND _assg.IS_DELETE = 0 
			  AND _ecstu.STUDENT_ID=#{uid}
			  AND _ec.ID=#{cid}
		ORDER BY _assg.CREATE_TIME DESC
		LIMIT #{pager.start},#{pager.pageSize}
	</select>
	
	<select id="getStudentsCourseAssignmentCount" resultType="int">
	    SELECT COUNT(DISTINCT _assg.ID)
		FROM TBL_ELECTIVE_COURSE_STUDENT as _ecstu
		LEFT JOIN TBL_ELECTIVE_COURSE as _ec ON _ec.ID = _ecstu.ELECTIVE_COURSE_ID 
		LEFT JOIN TBL_ASSIGNMENT as _assg on _ec.ID = _assg.ELECTIVE_COURSE_ID
		WHERE _ecstu.IS_DELETE = 0 
			  AND _ec.IS_DELETE = 0 
			  AND _assg.IS_DELETE = 0 
			  AND _ecstu.STUDENT_ID=#{uid}
			  AND _ec.ID=#{cid}
	</select>
	
	<select id="listTeachersCourseAssignment" resultMap="AssignmentResultMap">
	    SELECT _assg.*
		FROM TBL_ELECTIVE_COURSE as _ec 
		LEFT JOIN TBL_ASSIGNMENT as _assg on _ec.ID = _assg.ELECTIVE_COURSE_ID
		WHERE  _ec.IS_DELETE = 0 
				AND _assg.IS_DELETE = 0 
				AND _ec.TEACHER_ID = #{uid}
				AND _ec.ID=#{cid}
		ORDER BY _assg.CREATE_TIME DESC
		LIMIT #{pager.start},#{pager.pageSize}
	</select>
	
	<select id="getTeachersCourseAssignmentCount" resultType="int">
	    SELECT COUNT(DISTINCT _assg.ID)
		FROM TBL_ELECTIVE_COURSE as _ec 
		LEFT JOIN TBL_ASSIGNMENT as _assg on _ec.ID = _assg.ELECTIVE_COURSE_ID
		WHERE  _ec.IS_DELETE = 0 
				AND _assg.IS_DELETE = 0 
				AND _ec.TEACHER_ID = #{uid}
				AND _ec.ID=#{cid}
	</select>
	
	
	
</mapper>