<?xml version="1.0" encoding="UTF-8" ?>  
<!DOCTYPE mapper PUBLIC "-//mybatis.org//DTD Mapper 3.0//EN"   
"http://mybatis.org/dtd/mybatis-3-mapper.dtd">  
<mapper namespace="com.uce360.lzsz.psychology.resourcelib.mapper.ICatalogMapper">

	<resultMap type="Catalog" id="CatalogResultMap">
		<id property="id" column="ID" />
		<result property="name" column="NAME" />
		<result property="description" column="DESCRIPTION" />
		<result property="level" column="LEVEL" />
		<result property="parentID" column="PARENT_ID" />
		<result property="courseID" column="COURSE_ID" />
		<result property="createTime" column="CREATE_TIME" />
		<result property="isDelete" column="IS_DELETE" />
	</resultMap>
	
	<select id="listChapterByCourseID" resultMap="CatalogResultMap">
	    SELECT * 
	    FROM TBL_CATALOG
	    WHERE IS_DELETE=0
	    	  AND COURSE_ID=#{courseID}
	    	  AND LEVEL=1
	</select>
	
	<select id="listSectionByChapterID" resultMap="CatalogResultMap">
		SELECT * 
	    FROM TBL_CATALOG
	    WHERE IS_DELETE=0
	    	  AND PARENT_ID=#{chapterID}
	</select>
	
	<insert id="save"
	    parameterType="Catalog"
	    useGeneratedKeys="true"
	    keyProperty="catalog.id">
	    INSERT INTO TBL_CATALOG
	    (
	    	ID,
	    	NAME,
	    	DESCRIPTION,
	    	LEVEL,
	    	PARENT_ID,
	    	COURSE_ID,
	    	CREATE_TIME,
	    	IS_DELETE
	    )
	    VALUES(
			null,
			#{catalog.name},
			#{catalog.description},
			#{catalog.level},
			#{catalog.parentID},
			#{catalog.courseID},
			#{catalog.createTime},
			#{catalog.isDelete}	    
	    )
	</insert>
	
	<select id="listByParent" resultMap="CatalogResultMap">
	    SELECT *
	    FROM TBL_CATALOG
	    WHERE IS_DELETE=0
	    	  AND PARENT_ID=#{parentID}
	</select>
	
	<select id="getByID" resultMap="CatalogResultMap">
	    SELECT * 
	    FROM TBL_CATALOG
	    WHERE IS_DELETE=0
	    	  AND ID=#{catalogID}
	</select>
	
	<update id="delByCourse">
	    UPDATE TBL_CATALOG
	    SET IS_DELETE=1
	    WHERE COURSE_ID=#{courseID}
	</update>
	
	<update id="delByID">
	    UPDATE TBL_CATALOG
	    SET IS_DELETE=1
	    WHERE ID=#{catalogID}
	</update>
	
	
	<update id="delByCourseAndGtLevel">
	    UPDATE TBL_CATALOG
	    SET IS_DELETE=1
	    WHERE COURSE_ID=#{courseID}
	    	  AND LEVEL > #{level}
	</update>
	
</mapper>