<?xml version="1.0" encoding="UTF-8" ?>  
<!DOCTYPE mapper PUBLIC "-//mybatis.org//DTD Mapper 3.0//EN"   
"http://mybatis.org/dtd/mybatis-3-mapper.dtd">  
<mapper namespace="com.uce360.lzsz.psychology.resourcelib.mapper.ICourseMapper">

	<resultMap type="Course" id="CourseResultMap">
		<id property="id" column="ID" />
		<result property="name" column="NAME" />
		<result property="description" column="DESCRIPTION" />
		<result property="creatorID" column="CREATOR_ID" />
		<result property="categoryID" column="CATEGORY_ID" />
		<result property="courseTime" column="COURSE_TIME" />
		<result property="courseCredit" column="COURSE_CREDIT" />
		<result property="isShowOnHomepage" column="IS_SHOW_ON_HOMEPAGE" />
		<result property="createTime" column="CREATE_TIME" />
		<result property="isDelete" column="IS_DELETE" />
	</resultMap>
	
	<select id="listCourse" resultMap="CourseResultMap">
	    SELECT * 
	    FROM TBL_COURSE
	    WHERE IS_DELETE=0
	    <if test="pager != null">
		    LIMIT #{pager.start},#{pager.pageSize}
	    </if>
	</select>
	
	<select id="listAll" resultMap="CourseResultMap">
	    SELECT * 
	    FROM TBL_COURSE
	    WHERE IS_DELETE=0
	</select>
	
	<select id="getCourseCount" resultType="int">
	    SELECT COUNT(*) 
	    FROM TBL_COURSE
	    WHERE IS_DELETE=0
	</select>
	
	<select id="getByID" resultMap="CourseResultMap">
	    SELECT *
	    FROM TBL_COURSE
	    WHERE IS_DELETE=0
	    	  AND ID = #{courseID}
	</select>
	
	
	<insert id="save">
	    INSERT INTO TBL_COURSE
	    (
	    	ID,
	    	NAME,
	    	DESCRIPTION,
	    	CREATOR_ID,
	    	CATEGORY_ID,
	    	COURSE_TIME,
	    	COURSE_CREDIT,
	    	IS_SHOW_ON_HOMEPAGE,
	    	CREATE_TIME,
	    	IS_DELETE
	    )
	    VALUES(
			null,
			#{course.name},
			#{course.description},
			#{course.creatorID},
			#{course.categoryID},
			#{course.courseTime},
			#{course.courseCredit},
			#{course.isShowOnHomepage},
			#{course.createTime},
			#{course.isDelete}
	    )
	</insert>
	
	<update id="delCourse">
	    UPDATE TBL_COURSE
	    SET IS_DELETE=1
	    WHERE ID=#{courseID}
	</update>
	
	<select id="listAllHomepageCourse" resultMap="CourseResultMap">
	    SELECT *
	    FROM TBL_COURSE
	    WHERE IS_DELETE=0
	    	  AND IS_SHOW_ON_HOMEPAGE = 1
	    ORDER BY CREATE_TIME ASC
	</select>
	
	<update id="update">
	    UPDATE TBL_COURSE
	    	SET 
	    	<if test="course.name != null">
		    	NAME = #{course.name},
	    	</if>
	    	<if test="course.description != null">
		    	DESCRIPTION = #{course.description},
	    	</if>
	    	<if test="course.creatorID != null">
		    	CREATOR_ID = #{course.creatorID},
	    	</if>
			<if test="course.categoryID != null">
		    	CATEGORY_ID = #{course.categoryID},
	    	</if>
	    	<if test="course.courseTime != null">
		    	COURSE_TIME = #{course.courseTime},
	    	</if>
	    	<if test="course.courseCredit != null">
		    	COURSE_CREDIT = #{course.courseCredit},
	    	</if>
	    	<if test="course.isShowOnHomepage != null">
		    	IS_SHOW_ON_HOMEPAGE = #{course.isShowOnHomepage},
	    	</if>
	    	<if test="course.createTime != null">
		    	CREATE_TIME = #{course.createTime},
	    	</if>
	    	<if test="course.isDelete != null">
		    	IS_DELETE = #{course.isDelete}
	    	</if>
	    WHERE ID=#{course.id}
	</update>
</mapper>