<?xml version="1.0" encoding="UTF-8" ?>  
<!DOCTYPE mapper PUBLIC "-//mybatis.org//DTD Mapper 3.0//EN"   
"http://mybatis.org/dtd/mybatis-3-mapper.dtd">  
<mapper namespace="com.uce360.lzsz.psychology.resourcelib.mapper.IDownloadMapper">

	<resultMap type="Download" id="DownloadResultMap">
		<id property="id" column="ID" />
		<result property="resourceID" column="RESOURCE_ID" />
		<result property="userID" column="USER_ID" />
		<result property="createTime" column="CREATE_TIME" />
		<result property="isDelete" column="IS_DELETE" />
	</resultMap>
	
	<select id="listByUserID" resultMap="DownloadResultMap">
	    SELECT *		
		FROM TBL_DOWNLOAD AS download
		WHERE download.IS_DELETE = 0 
			  AND download.USER_ID = #{uid}
		ORDER BY download.CREATE_TIME DESC
		<if test="pager != null">
		    LIMIT #{pager.start},#{pager.pageSize}
		</if>
	</select>
	
	<select id="listCountByUserID" resultType="int">
	    SELECT COUNT(*)		
		FROM TBL_DOWNLOAD AS download
		WHERE download.USER_ID = #{uid}
	</select>
	
	<update id="delByID">
	    UPDATE
	    TBL_DOWNLOAD 
	    SET IS_DELETE=1
	    WHERE ID=#{id}
	</update>
	
	<insert id="save">
	    INSERT INTO TBL_DOWNLOAD(
	    	ID,
	    	RESOURCE_ID,
	    	USER_ID,
	    	CREATE_TIME,
	    	IS_DELETE
	    )
	    VALUES(
	    	null,
	    	#{download.resourceID },
	    	#{download.userID},
	    	#{download.createTime},
	    	#{download.isDelete}
	    )
	</insert>
</mapper>