<?xml version="1.0" encoding="UTF-8" ?>  
<!DOCTYPE mapper PUBLIC "-//mybatis.org//DTD Mapper 3.0//EN"   
"http://mybatis.org/dtd/mybatis-3-mapper.dtd">  
<mapper namespace="com.uce360.lzsz.psychology.resourcelib.mapper.IElectiveCourseStudentMapper">

	<resultMap type="ElectiveCourseStudent" id="ElectiveCourseStudentResultMap">
		<id property="id" column="ID" />
		<result property="electiveCourseID" column="ELECTIVE_COURSE_ID" />
		<result property="studentID" column="STUDENT_ID" />
		<result property="createTime" column="CREATE_TIME" />
		<result property="isDelete" column="IS_DELETE" />
	</resultMap>
	
	<insert id="save"
	    useGeneratedKeys="true"
	    keyProperty="ecStudent.id"
	    >
	    INSERT INTO TBL_ELECTIVE_COURSE_STUDENT 
	    (
	    	ID,
	    	ELECTIVE_COURSE_ID,
	    	STUDENT_ID,
	    	CREATE_TIME,
	    	IS_DELETE
	    )
	    VALUES(
	    	null,
	    	#{ecStudent.electiveCourseID},
	    	#{ecStudent.studentID},
	    	#{ecStudent.createTime},
	    	#{ecStudent.isDelete}
	    )
	</insert>
</mapper>