<?xml version="1.0" encoding="UTF-8" ?>  
<!DOCTYPE mapper PUBLIC "-//mybatis.org//DTD Mapper 3.0//EN"   
"http://mybatis.org/dtd/mybatis-3-mapper.dtd">  
<mapper namespace="com.uce360.lzsz.psychology.resourcelib.mapper.IElectiveCourseMapper">

	<resultMap type="ElectiveCourse" id="ElectiveCourseResultMap">
		<id property="id" column="ID" />
		<result property="name" column="NAME" />
		<result property="description" column="DESCRIPTION" />
		<result property="teacherID" column="TEACHER_ID" />
		<result property="creatorID" column="CREATOR_ID" />
		<result property="createTime" column="CREATE_TIME" />
		<result property="isDelete" column="IS_DELETE" />
	</resultMap>
	
	<update id="update">
	    UPDATE TBL_ELECTIVE_COURSE 
	    SET 
	    	NAME = #{ec.name},
	    	DESCRIPTION = #{ec.description},
	    	TEACHER_ID = #{ec.teacherID},
	    	CREATOR_ID = #{ec.creatorID},
	    	CREATE_TIME = #{ec.createTime},
	    	IS_DELETE = #{ec.isDelete}
	    WHERE 
	    	ID = #{ec.id}
	</update>
	
	<select id="listAllByStudentID" resultMap="ElectiveCourseResultMap">
	    SELECT ec.*
	    FROM TBL_ELECTIVE_COURSE_STUDENT AS ecs
	    LEFT JOIN TBL_ELECTIVE_COURSE AS ec ON ecs.ELECTIVE_COURSE_ID=ec.ID
	    WHERE ecs.IS_DELETE=0
	    	  AND ec.IS_DELETE=0
	    	  AND ecs.STUDENT_ID=#{uid}
	</select>
	
	<select id="getByID" resultMap="ElectiveCourseResultMap">
		SELECT * 
		FROM TBL_ELECTIVE_COURSE
		WHERE IS_DELETE = 0 
			  AND ID = #{courseID}	    
	</select>
	
	<select id="listByUID" resultMap="ElectiveCourseResultMap">
	    SELECT * 
	    FROM TBL_ELECTIVE_COURSE 
	    WHERE IS_DELETE = 0
	    	  <if test="uid != null">
	    	      AND CREATOR_ID = #{uid}
	    	  </if>
	    ORDER BY CREATE_TIME DESC
	    LIMIT #{pager.start},#{pager.pageSize}
	    
	</select>
	
	<select id="listCountByUID" resultType="int">
	    SELECT COUNT(*) 
	    FROM TBL_ELECTIVE_COURSE 
	    WHERE IS_DELETE = 0
	    	  <if test="uid != null">
	    	      AND CREATOR_ID = #{uid}
	    	  </if>
	</select>
	
	<update id="delByID">
	    UPDATE TBL_ELECTIVE_COURSE 
	    SET 
	    	IS_DELETE = 1 
	    WHERE 
	    	ID = #{id}
	</update>
	
	<insert id="save" 
	    useGeneratedKeys="true"
	    keyProperty="ec.id">
	    INSERT INTO TBL_ELECTIVE_COURSE
	    (
	    	ID,
	    	NAME,
	    	DESCRIPTION,
	    	TEACHER_ID,
	    	CREATOR_ID,
	    	CREATE_TIME,
	    	IS_DELETE
	    )
	    VALUES(
	    	null,
	    	#{ec.name},
	    	#{ec.description},
	    	#{ec.teacherID},
	    	#{ec.creatorID},
	    	#{ec.createTime},
	    	#{ec.isDelete}
	    )
	</insert>
	
	<select id="listAll" resultMap="ElectiveCourseResultMap">
	    SELECT * 
	    FROM TBL_ELECTIVE_COURSE 
	    WHERE IS_DELETE=0
	</select>
	
	<select id="listAllByTeacherID" resultMap="ElectiveCourseResultMap">
	    SELECT * FROM TBL_ELECTIVE_COURSE
	    WHERE IS_DELETE=0
	    	  AND TEACHER_ID=#{uid}
	</select>
</mapper>