<?xml version="1.0" encoding="UTF-8" ?>  
<!DOCTYPE mapper PUBLIC "-//mybatis.org//DTD Mapper 3.0//EN"   
"http://mybatis.org/dtd/mybatis-3-mapper.dtd">  
<mapper namespace="com.uce360.lzsz.psychology.resourcelib.mapper.IQuestionMapper">

	<resultMap type="Question" id="QuestionResultMap">
		<id property="id" column="ID" />
		<result property="title" column="TITLE" />
		<result property="content" column="CONTENT" />
		<result property="askUserID" column="ASK_USER_ID" />
		<result property="status" column="STATUS" />
		<result property="electiveCourseID" column="ELECTIVE_COURSE_ID" />
		<result property="createTime" column="CREATE_TIME" />
		<result property="isDelete" column="IS_DELETE" />
	</resultMap>
	<select id="listQuestion" resultMap="QuestionResultMap">
	    SELECT * 
	    FROM TBL_QUESTION
	    WHERE IS_DELETE=0
	    	  <if test="param.cid != null">
	    	  AND ELECTIVE_COURSE_ID = #{ param.cid }
	    	  </if>
	    	  <if test="param.filter == 'mine'">
	    	      AND ASK_USER_ID = #{ param.uid }
	    	  </if>
	    ORDER BY CREATE_TIME DESC 
	    LIMIT #{pager.start},#{pager.pageSize}
	</select>
	
	<select id="getQuestionCount" resultType="int">
	    SELECT COUNT(*) 
	    FROM TBL_QUESTION
	    WHERE IS_DELETE=0
	    	  <if test="param.cid != null">
	    	  AND ELECTIVE_COURSE_ID = #{ param.cid }
	    	  </if>
	    	  <if test="param.filter == 'mine'">
	    	      AND ASK_USER_ID = #{ param.uid }
	    	  </if>
	</select>
	
	<insert id="save" 
	    keyProperty="question.id" 
	    useGeneratedKeys="true">
	    INSERT INTO
	    TBL_QUESTION(
	    	ID,
	    	TITLE,
	    	CONTENT,
	    	ASK_USER_ID,
	    	STATUS,
	    	ELECTIVE_COURSE_ID,
	    	CREATE_TIME,
	    	IS_DELETE
	    )VALUES(
	    	null,
	    	#{question.title},
	    	#{question.content},
	    	#{question.askUserID},
	    	#{question.status},
	    	#{question.electiveCourseID},
	    	#{question.createTime},
	    	#{question.isDelete}
	    )
	</insert>
	
	<select id="getByID" resultMap="QuestionResultMap">
	    SELECT * 
	    FROM TBL_QUESTION
	    WHERE IS_DELETE=0
	    	  AND ID=#{qid}
	</select>
	
	<update id="delByID">
	    UPDATE TBL_QUESTION
	    SET IS_DELETE=1
	    WHERE ID=#{id}
	</update>
</mapper>