<?xml version="1.0" encoding="UTF-8" ?>  
<!DOCTYPE mapper PUBLIC "-//mybatis.org//DTD Mapper 3.0//EN"   
"http://mybatis.org/dtd/mybatis-3-mapper.dtd">  
<mapper namespace="com.uce360.lzsz.psychology.resourcelib.mapper.IResourceCategoryMapper">

	<resultMap type="ResourceCategory" id="ResourceCategoryResultMap">
		<id property="id" column="ID" />
		<result property="name" column="NAME" />
		<result property="type" column="TYPE" />
		<result property="level" column="LEVEL" />
		<result property="parentID" column="PARENT_ID" />
		<result property="createTime" column="CREATE_TIME" />
		<result property="isDelete" column="IS_DELETE" />
	</resultMap>
	
	<select id="getByLevel" resultMap="ResourceCategoryResultMap">
	    SELECT * FROM TBL_RESOURCE_CATEGORY
	    WHERE IS_DELETE=0
	    	  AND LEVEL=#{level}
	</select>
	
	
	<select id="listSubCategory" resultMap="ResourceCategoryResultMap">
	    SELECT * FROM TBL_RESOURCE_CATEGORY
	    WHERE IS_DELETE=0
	    	  AND PARENT_ID=#{resourceCategoryID}
	</select>
	
	<update id="delCate" parameterType="long">
	    UPDATE TBL_RESOURCE_CATEGORY 
	    SET IS_DELETE=1
	    WHERE ID = #{id}
	</update>
	
	<select id="getByID" resultMap="ResourceCategoryResultMap">
	    SELECT * FROM TBL_RESOURCE_CATEGORY
	    WHERE IS_DELETE=0
	    	  AND ID=#{id}
	</select>
	
	<update id="update" parameterType="ResourceCategory">
	    UPDATE TBL_RESOURCE_CATEGORY 
	    SET 
			NAME=#{ cate.name },
			TYPE=#{ cate.type },
			LEVEL = #{ cate.level},
			PARENT_ID = #{ cate.parentID },
			CREATE_TIME = #{ cate.createTime },
			IS_DELETE = #{ cate.isDelete }
	    WHERE ID = #{ cate.id }
	</update>
	
	<insert id="add" 
	    parameterType="ResourceCategory"
	    useGeneratedKeys="true" 
	    keyProperty="id">
	    INSERT INTO TBL_RESOURCE_CATEGORY
	    VALUES (
	    	null,
	    	#{ cate.name },
	    	#{ cate.type },
	    	#{ cate.level },
	    	#{ cate.parentID },
	    	#{ cate.createTime},
	    	#{ cate.isDelete}
	    	)
	    	
	    <selectKey resultType="java.lang.Long" order="AFTER" keyProperty="id" >  
          SELECT LAST_INSERT_ID()  
        </selectKey> 
	</insert>
	
	<select id="getMediaCateByResID" resultMap="ResourceCategoryResultMap">
	    SELECT rc.*
	    FROM TBL_RESOURCE_RESOURCE_CATEGORY as rrc 
	    LEFT JOIN TBL_RESOURCE_CATEGORY as rc ON rrc.RESOURCE_CATEGORY_ID=rc.ID 
	    WHERE rrc.IS_DELETE=0
	    	  AND rrc.RESOURCE_ID=#{resID}
	    	  AND rc.IS_DELETE=0
	    	  AND rc.TYPE=1
	</select>
	
	<select id="getCourseCateByResID" resultMap="ResourceCategoryResultMap">
	    SELECT rc.*
	    FROM TBL_RESOURCE_RESOURCE_CATEGORY as rrc 
	    LEFT JOIN TBL_RESOURCE_CATEGORY as rc ON rrc.RESOURCE_CATEGORY_ID=rc.ID 
	    WHERE rrc.IS_DELETE=0
	    	  AND rrc.RESOURCE_ID=#{resID}
	    	  AND rc.IS_DELETE=0
	    	  AND rc.TYPE=2
	</select>
</mapper>