<?xml version="1.0" encoding="UTF-8" ?>  
<!DOCTYPE mapper PUBLIC "-//mybatis.org//DTD Mapper 3.0//EN"   
"http://mybatis.org/dtd/mybatis-3-mapper.dtd">  
<mapper namespace="com.uce360.lzsz.psychology.resourcelib.mapper.IResourceMapper">

	<resultMap type="Resource" id="ResourceResultMap">
		<id property="id" column="ID" />
		<result property="name" column="NAME" />
		<result property="description" column="DESCRIPTION" />
		<result property="url" column="URL" />
		<result property="onlineReadUrl" column="ONLINE_READ_URL" />
		<result property="size" column="SIZE" />
		<result property="keywords" column="KEYWORDS" />
		<result property="format" column="FORMAT" />
		<result property="onlineReadingChannelID" column="ONLINE_READING_CHANNEL_ID" />
		<result property="creatorID" column="CREATOR_ID" />
		<result property="auditStatus" column="AUDIT_STATUS" />
		<result property="faceTo" column="FACE_TO" />
		<result property="createTime" column="CREATE_TIME" />
		<result property="isDelete" column="IS_DELETE" />
	</resultMap>
	
	<select id="listByCategory" resultMap="ResourceResultMap">
	    SELECT DISTINCT res.* 
		FROM TBL_RESOURCE_RESOURCE_CATEGORY AS rrc
		LEFT JOIN TBL_RESOURCE AS res ON rrc.RESOURCE_ID = res.ID
		WHERE res.IS_DELETE=0
			<if test="auditStatus != null">
			  AND res.AUDIT_STATUS=#{auditStatus} 
			</if>
			<if test="categoryID != null">
		  	  AND rrc.RESOURCE_CATEGORY_ID=#{categoryID}
			</if>
		ORDER BY res.CREATE_TIME DESC
		<if test="pager != null and pager.start != null and pager.pageSize != null">
		LIMIT #{pager.start},#{pager.pageSize}
		</if>
	</select>
	
	<select id="listCountByCategory" resultType="int">
	    SELECT COUNT(DISTINCT res.ID) 
		FROM TBL_RESOURCE_RESOURCE_CATEGORY AS rrc
		LEFT JOIN TBL_RESOURCE AS res ON rrc.RESOURCE_ID = res.ID
		WHERE res.IS_DELETE=0
			<if test="auditStatus != null">
			  AND res.AUDIT_STATUS=#{auditStatus} 
			</if>
			<if test="categoryID != null">
		  	  AND rrc.RESOURCE_CATEGORY_ID=#{categoryID}
		  	</if>
	</select>
	
	<select id="listByChannel" resultMap="ResourceResultMap">
	    SELECT *
		FROM TBL_RESOURCE 
		WHERE IS_DELETE=0
			    AND ONLINE_READING_CHANNEL_ID = #{channelID}
	</select>
	
	<select id="listLatest" resultMap="ResourceResultMap">
	    SELECT *
		FROM TBL_RESOURCE 
		WHERE IS_DELETE=0
			  AND AUDIT_STATUS=2
		ORDER BY CREATE_TIME DESC
		LIMIT 0,#{count}
	</select>
	
	<select id="getByID" resultMap="ResourceResultMap">
	    SELECT *
		FROM TBL_RESOURCE 
		WHERE IS_DELETE=0
			  AND ID=#{id}
	</select>
	
	<update id="update">
	    UPDATE TBL_RESOURCE
	    SET
	    	<if test="res.name != null">
				NAME=#{ res.name },
	    	</if>
	    	<if test="res.description != null">
				DESCRIPTION = #{ res.description },
	    	</if>
	    	<if test="res.url != null">
				URL = #{ res.url },
	    	</if>
	    	<if test="res.onlineReadUrl != null">
				ONLINE_READ_URL = #{ res.onlineReadUrl },
	    	</if>
	    	<if test="res.size != null">
				SIZE = #{ res.size },
	    	</if>
	    	<if test="res.keywords != null">
				KEYWORDS = #{ res.keywords },
	    	</if>
			<if test="res.format != null">
				FORMAT = #{ res.format },
	    	</if>
				ONLINE_READING_CHANNEL_ID = #{ res.onlineReadingChannelID },
	    	<if test="res.creatorID != null">
				CREATOR_ID = #{ res.creatorID } ,
	    	</if>
	    	<if test="res.auditStatus != null">
				AUDIT_STATUS = #{ res.auditStatus },
	    	</if>
	    	<if test="res.faceTo != null">
				FACE_TO = #{ res.faceTo },
	    	</if>
			<if test="res.createTime != null">
				CREATE_TIME = #{ res.createTime },
	    	</if>
			<if test="res.isDelete != null">
				IS_DELETE = #{ res.isDelete }
	    	</if>
	    WHERE ID=#{ res.id }
	</update>
	
	<select id="listResByChannel" resultMap="ResourceResultMap">
	    SELECT *
		FROM TBL_RESOURCE 
		WHERE IS_DELETE=0
			  AND ONLINE_READING_CHANNEL_ID = #{ channelID }
		ORDER BY CREATE_TIME DESC
		LIMIT #{ pager.start } , #{pager.pageSize}
	</select>
	
	<select id="getResCountByChannel" resultType="int">
	    SELECT COUNT(*)
		FROM TBL_RESOURCE 
		WHERE IS_DELETE=0
			  AND ONLINE_READING_CHANNEL_ID = #{ channelID }
	</select>
	
	
	<select id="searchOnlineResByKeywords" resultMap="ResourceResultMap">
	    SELECT *
		FROM TBL_RESOURCE 
		WHERE IS_DELETE=0
			  AND FORMAT=1
			  AND ( NAME LIKE CONCAT('%',#{keywords},'%') OR DESCRIPTION LIKE CONCAT('%',#{keywords},'%') OR KEYWORDS LIKE CONCAT('%',#{keywords},'%')  )	  
		ORDER BY CREATE_TIME DESC
		LIMIT #{ pager.start } , #{pager.pageSize}
	</select>
	
	<select id="getSearchOnlineResCountByKeywords" resultType="int">
	    SELECT COUNT(*)
		FROM TBL_RESOURCE 
		WHERE IS_DELETE=0
			  AND FORMAT=1
			  AND ( NAME LIKE CONCAT('%',#{keywords},'%') OR DESCRIPTION LIKE CONCAT('%',#{keywords},'%') OR KEYWORDS LIKE CONCAT('%',#{keywords},'%')  )	  
	</select>
	
	<insert id="save"
			parameterType="Resource"
			useGeneratedKeys="true"
    		keyProperty="resource.id">
		INSERT INTO TBL_RESOURCE
		(
			ID,
			NAME,
			DESCRIPTION,
			URL,
			ONLINE_READ_URL,
			SIZE,
			KEYWORDS,
			FORMAT,
			ONLINE_READING_CHANNEL_ID,
			CREATOR_ID,
			AUDIT_STATUS,
			FACE_TO,
			CREATE_TIME,
			IS_DELETE
		)
	    VALUES (
	    	null,
	    	#{ resource.name },
	    	#{ resource.description },
	    	#{ resource.url },
	    	#{ resource.onlineReadUrl },
	    	#{ resource.size },
	    	#{ resource.keywords },
	    	#{ resource.format },
	    	#{ resource.onlineReadingChannelID },
	    	#{ resource.creatorID },
	    	#{ resource.auditStatus },
	    	#{ resource.faceTo },
	    	#{ resource.createTime },
	    	#{ resource.isDelete }
	    	)
	</insert>
	
	<update id="delResource" parameterType="long">
	    UPDATE TBL_RESOURCE
	    SET
	    	IS_DELETE=1
	    WHERE ID=#{ resourceID }
	</update>
	
	<select id="listByListResParamDTO" resultMap="ResourceResultMap">
	    SELECT *
	    FROM TBL_RESOURCE
	    WHERE IS_DELETE=0
	    	<if test="resParamDTO.format != null">
	    	    AND FORMAT = #{resParamDTO.format} 
	    	</if>
	    	<if test="resParamDTO.keywords != null">
	    	    AND (KEYWORDS like concat('%', #{resParamDTO.keywords} ,'%') 
	    	    	OR NAME like concat('%', #{resParamDTO.keywords} ,'%')
	    	    )
	    	</if>
	    	ORDER BY CREATE_TIME DESC
	    	<if test="pager != null">
	    	    LIMIT #{pager.start},#{pager.pageSize}
	    	</if>
	</select>
	
	<select id="listCountByListResParamDTO" resultType="int">
	    SELECT COUNT(*)
	    FROM TBL_RESOURCE
	    WHERE IS_DELETE=0
	    	<if test="resParamDTO.format != null">
	    	    AND FORMAT = #{resParamDTO.format} 
	    	</if>
	    	<if test="resParamDTO.keywords != null">
	    	    AND (KEYWORDS like concat('%', #{resParamDTO.keywords} ,'%') 
	    	    	OR NAME like concat('%', #{resParamDTO.keywords} ,'%')
	    	    )
	    	</if>
	</select>
	
	<select id="listAllResByCatalog" resultMap="ResourceResultMap">
	    SELECT DISTINCT res.*
		FROM TBL_RESOURCE_CATALOG as rc
		LEFT JOIN TBL_CATALOG as c ON rc.CATALOG_ID = c.ID
		LEFT JOIN TBL_RESOURCE as res ON rc.RESOURCE_ID = res.ID
		WHERE rc.IS_DELETE = 0 
			  AND c.IS_DELETE = 0
			  AND rc.CATALOG_ID = #{catalogID}
	</select>
	
	<select id="listResByCourse" resultMap="ResourceResultMap">
	    SELECT DISTINCT res.*
		FROM TBL_RESOURCE_CATALOG as rc
		LEFT JOIN TBL_CATALOG AS c ON rc.CATALOG_ID = c.ID
		LEFT JOIN TBL_RESOURCE as res ON rc.RESOURCE_ID = res.ID
		WHERE rc.IS_DELETE = 0
			  AND c.IS_DELETE = 0 
			  AND res.IS_DELETE = 0 
			  AND c.COURSE_ID = #{courseID}
		<if test="pager != null">
		    LIMIT #{pager.start},#{pager.pageSize}
		</if>		 
	</select>
	
	<select id="listResCountByCourse" resultType="int">
	    SELECT COUNT(DISTINCT res.ID)
		FROM TBL_RESOURCE_CATALOG as rc
		LEFT JOIN TBL_CATALOG AS c ON rc.CATALOG_ID = c.ID
		LEFT JOIN TBL_RESOURCE as res ON rc.RESOURCE_ID = res.ID
		WHERE rc.IS_DELETE = 0
			  AND c.IS_DELETE = 0 
			  AND res.IS_DELETE = 0 
			  AND c.COURSE_ID = #{courseID}
	</select>
	
	<select id="listResByUploaderUID" resultMap="ResourceResultMap">
	    SELECT * 
	    FROM TBL_RESOURCE 
	    WHERE IS_DELETE=0
	    	  AND CREATOR_ID=#{uid}
	    ORDER BY CREATE_TIME DESC
	    LIMIT #{pager.start},#{pager.pageSize}
	</select>
	
	<select id="listResCountByUploaderUID" resultType="int">
	    SELECT COUNT(*) 
	    FROM TBL_RESOURCE 
	    WHERE IS_DELETE=0
	    	  AND CREATOR_ID=#{uid}
	</select>
	
	<select id="listByKeywords" resultMap="ResourceResultMap">
	    SELECT * 
	    FROM TBL_RESOURCE 
	    WHERE IS_DELETE=0
	    	  AND NAME like concat('%', #{keywords},'%')
	    	  AND AUDIT_STATUS = 2 
	    <if test="pager != null and pager.start != null and pager.pageSize != null">
	        LIMIT #{pager.start},#{pager.pageSize}
	    </if>
	</select>
	
	<select id="listCountByKeywords" resultType="int">
	    SELECT COUNT(*) 
	    FROM TBL_RESOURCE 
	    WHERE IS_DELETE=0
	    	  AND AUDIT_STATUS = 2 
	    	  AND NAME like concat('%', #{keywords},'%')
	</select>
	
	<select id="listAllByCategoryNameInCourse" resultMap="ResourceResultMap">
	    SELECT DISTINCT res.* 
		FROM TBL_RESOURCE_CATALOG AS resCatalog
		LEFT JOIN TBL_RESOURCE AS res ON resCatalog.RESOURCE_ID = res.ID
		LEFT JOIN TBL_CATALOG as catalog ON catalog.ID=resCatalog.CATALOG_ID
		WHERE res.IS_DELETE=0
			AND resCatalog.IS_DELETE =0
	  		AND catalog.IS_DELETE=0
			<if test="courseID != null">
			  AND catalog.COURSE_ID = #{courseID}
			</if>			  
			<if test="auditStatus != null">
			  AND res.AUDIT_STATUS=#{auditStatus} 
			</if>
			<if test="catalogName != null">
		  	  AND catalog.NAME=#{catalogName}
			</if>
		ORDER BY res.CREATE_TIME DESC
	</select>
</mapper>