<?xml version="1.0" encoding="UTF-8" ?>  
<!DOCTYPE mapper PUBLIC "-//mybatis.org//DTD Mapper 3.0//EN"   
"http://mybatis.org/dtd/mybatis-3-mapper.dtd">  
<mapper namespace="com.uce360.lzsz.psychology.resourcelib.mapper.IResourceResourceCategoryMapper">

	<resultMap type="ResourceResourceCategory" id="ResourceResourceCategoryResultMap">
		<id property="id" column="ID" />
		<result property="resourceID" column="RESOURCE_ID" />
		<result property="resourceCategoryID" column="RESOURCE_CATEGORY_ID" />
		<result property="createTime" column="CREATE_TIME" />
		<result property="isDelete" column="IS_DELETE" />
	</resultMap>
	
	<update id="delByResID" parameterType="long">
	    UPDATE TBL_RESOURCE_RESOURCE_CATEGORY 
	    SET IS_DELETE=1
	    WHERE RESOURCE_ID=#{resID}
	</update>
	<insert id="save" parameterType="ResourceResourceCategory">
	    INSERT INTO TBL_RESOURCE_RESOURCE_CATEGORY
	    (
	    	ID,
	    	RESOURCE_ID,
	    	RESOURCE_CATEGORY_ID,
	    	CREATE_TIME,
	    	IS_DELETE
	    )
	    VALUES(
	    	null,
	    	#{rrc.resourceID},
	    	#{rrc.resourceCategoryID},
	    	#{rrc.createTime},
	    	#{rrc.isDelete}
	    )
	</insert>
	
</mapper>