<?xml version="1.0" encoding="UTF-8" ?>  
<!DOCTYPE mapper PUBLIC "-//mybatis.org//DTD Mapper 3.0//EN"   
"http://mybatis.org/dtd/mybatis-3-mapper.dtd">  
<mapper namespace="com.uce360.lzsz.psychology.resourcelib.mapper.IResourceCatalogMapper">

	<resultMap type="ResourceCatalog" id="ResourceCatalogResultMap">
		<id property="id" column="ID" />
		<result property="catalogID" column="CATALOG_ID" />
		<result property="resourceID" column="RESOURCE_ID" />
		<result property="createTime" column="CREATE_TIME" />
		<result property="isDelete" column="IS_DELETE" />
	</resultMap>
	
	<insert id="save"
	    parameterType="ResourceCatalog"
	    useGeneratedKeys="true"
	    keyProperty="rc.id">
	    INSERT INTO TBL_RESOURCE_CATALOG
	    (
	    	ID,
	    	CATALOG_ID,
	    	RESOURCE_ID,
	    	CREATE_TIME,
	    	IS_DELETE
	    )
	    VALUES(
			null,
			#{rc.catalogID},
			#{rc.resourceID},
			#{rc.createTime},
			#{rc.isDelete}	    
	    )
	</insert>
	
	<update id="deleteByCatalogID">
	    UPDATE TBL_RESOURCE_CATALOG
	    SET
	    	IS_DELETE=1
	    WHERE
	    	CATALOG_ID = #{catalogID}
	</update>
	
	<select id="getByCatalogIDAndResourceID" resultMap="ResourceCatalogResultMap">
	    SELECT *
	    FROM TBL_RESOURCE_CATALOG
	    WHERE IS_DELETE=0
	    	  AND CATALOG_ID=#{catalogID}
	    	  AND RESOURCE_ID=#{resID}
	</select>
</mapper>