<?xml version="1.0" encoding="UTF-8" ?>  
<!DOCTYPE mapper PUBLIC "-//mybatis.org//DTD Mapper 3.0//EN"   
"http://mybatis.org/dtd/mybatis-3-mapper.dtd">  
<mapper namespace="com.uce360.lzsz.psychology.resourcelib.mapper.IUserMapper">

	<resultMap type="User" id="UserResultMap">
		<id property="id" column="ID" />
		<result property="account" column="ACCOUNT" />
		<result property="password" column="PASSWORD" />
		<result property="email" column="EMAIL" />
		<result property="roleType" column="ROLE_TYPE" />
		<result property="studentID" column="STUDENT_ID" />
		<result property="startYear" column="START_YEAR" />
		<result property="realName" column="REALNAME" />
		<result property="sex" column="SEX" />
		<result property="mobilePhone" column="MOBILE_PHONE" />
		<result property="createTime" column="CREATE_TIME" />
		<result property="isDelete" column="IS_DELETE" />
	</resultMap>
	

	<select id="getByAccountAndPassword" resultMap="UserResultMap">
	    SELECT * FROM TBL_USER
	    WHERE IS_DELETE=0
	    	  AND ACCOUNT=#{account}
	    	  AND PASSWORD=#{password}
	</select>
	
	<update id="delUser">
	    UPDATE TBL_USER
	    SET IS_DELETE=1
	    WHERE ID = #{ userID }
	</update>
	
	<insert id="save"
		parameterType="User"
	    useGeneratedKeys="true" 
	    keyProperty="id">
	    INSERT INTO TBL_USER
	    (
	    	ID,
	    	ACCOUNT,
	    	PASSWORD,
	    	EMAIL,
	    	ROLE_TYPE,
	    	STUDENT_ID,
	    	START_YEAR,
	    	REALNAME,
	    	SEX,
	    	MOBILE_PHONE,
	    	CREATE_TIME,
	    	IS_DELETE
	    )
	    VALUES (
	    	null,
	    	#{ user.account },
	    	#{ user.password },
	    	#{ user.email },
	    	#{ user.roleType },
	    	#{ user.studentID },
	    	#{ user.startYear },
	    	#{ user.realName },
	    	#{ user.sex },
	    	#{ user.mobilePhone },
	    	#{ user.createTime },
	    	#{ user.isDelete }
	    	)
	    	
	    <selectKey resultType="java.lang.Long" order="AFTER" keyProperty="id" >  
          SELECT LAST_INSERT_ID()  
        </selectKey> 
	</insert>
	
	<select id="getByID" resultMap="UserResultMap">
	    SELECT * 
	    FROM TBL_USER
	    WHERE IS_DELETE=0
	    	  AND ID=#{uid}
	</select>
	
	<update id="update" parameterType="User">
	    UPDATE TBL_USER
	    SET
	    	ACCOUNT = #{user.account},
	    	PASSWORD = #{user.password},
	    	EMAIL = #{user.email},
	    	ROLE_TYPE = #{user.roleType},
	    	STUDENT_ID = #{user.studentID},
	    	START_YEAR = #{user.startYear},
	    	REALNAME = #{user.realName},
	    	SEX = #{user.sex},
	    	MOBILE_PHONE = #{user.mobilePhone},
	    	CREATE_TIME = #{user.createTime},
	    	IS_DELETE = #{user.isDelete}
		WHERE ID=#{ user.id }
	</update>
	
	<select id="listUser" resultMap="UserResultMap">
	    SELECT * 
	    FROM TBL_USER
	    WHERE IS_DELETE=0
	    ORDER BY CREATE_TIME DESC
	    LIMIT #{pager.start},#{pager.pageSize}
	</select>
	
	<select id="listUserCount" resultType="int">
	    SELECT COUNT(*) 
	    FROM TBL_USER
	    WHERE IS_DELETE=0
	</select>
	
	<select id="listAllByRoleType" resultMap="UserResultMap">
		SELECT * 
		FROM TBL_USER 
		WHERE IS_DELETE=0
			  AND ROLE_TYPE=#{roleType} 
	</select>
	
	<select id="listAllStudentByECID" resultMap="UserResultMap">
	    SELECT * 
	    FROM TBL_ELECTIVE_COURSE_STUDENT as _ecstu
	    LEFT JOIN TBL_USER as _usr ON _ecstu.STUDENT_ID=_usr.ID
	    WHERE _ecstu.IS_DELETE=0
	    	  AND _usr.IS_DELETE=0
	    	  AND _ecstu.ELECTIVE_COURSE_ID=#{ecid}
	</select>
</mapper>